{
  "history_head": {
    "accuracy": [
      0.6864169836044312,
      0.8348239064216614,
      0.8406931161880493,
      0.8630520105361938,
      0.8722749948501587,
      0.8764672875404358,
      0.878982663154602,
      0.8890441656112671
    ],
    "loss": [
      0.7325685024261475,
      0.41786056756973267,
      0.3807256817817688,
      0.34171226620674133,
      0.31628599762916565,
      0.31453362107276917,
      0.3058638274669647,
      0.29551178216934204
    ],
    "val_accuracy": [
      0.8435462713241577,
      0.8943937420845032,
      0.899608850479126,
      0.9152542352676392,
      0.916558027267456,
      0.9074315428733826,
      0.916558027267456,
      0.9152542352676392
    ],
    "val_loss": [
      0.3738548159599304,
      0.2982395589351654,
      0.25575610995292664,
      0.25599145889282227,
      0.23721560835838318,
      0.2418171465396881,
      0.22473295032978058,
      0.22729918360710144
    ],
    "learning_rate": [
      0.0010000000474974513,
      0.0010000000474974513,
      0.0010000000474974513,
      0.0010000000474974513,
      0.0010000000474974513,
      0.0010000000474974513,
      0.0010000000474974513,
      0.0010000000474974513
    ]
  },
  "history_finetune": {
    "accuracy": [
      0.8705980777740479,
      0.9072107076644897,
      0.9413080215454102,
      0.9399105906486511,
      0.951928436756134,
      0.9463387131690979,
      0.959195077419281,
      0.9656232595443726
    ],
    "loss": [
      0.3354833424091339,
      0.22937045991420746,
      0.15689484775066376,
      0.14514829218387604,
      0.14073966443538666,
      0.13355611264705658,
      0.11293124407529831,
      0.10076849162578583
    ],
    "val_accuracy": [
      0.9022164344787598,
      0.9152542352676392,
      0.9113429188728333,
      0.9282920360565186,
      0.9335071444511414,
      0.9335071444511414,
      0.9387223124504089,
      0.9335071444511414
    ],
    "val_loss": [
      0.2550927698612213,
      0.254277765750885,
      0.2478720247745514,
      0.20031924545764923,
      0.1909060776233673,
      0.1806979775428772,
      0.18968996405601501,
      0.20166821777820587
    ],
    "learning_rate": [
      4.999999873689376e-05,
      4.999999873689376e-05,
      1.9999999494757503e-05,
      1.9999999494757503e-05,
      1.9999999494757503e-05,
      1.9999999494757503e-05,
      1.9999999494757503e-05,
      1.9999999494757503e-05
    ]
  },
  "test_report": "              precision    recall  f1-score   support\n\n      Normal       0.92      0.92      0.92       309\n         LSD       0.91      0.88      0.90       229\n         FMD       0.95      0.98      0.96       229\n\n    accuracy                           0.92       767\n   macro avg       0.92      0.93      0.93       767\nweighted avg       0.92      0.92      0.92       767\n",
  "decision_class_bias": [
    0.6,
    2.4999999999999996,
    0.4
  ]
}