{
  "history_head": {
    "accuracy": [
      0.6757959723472595,
      0.8226634860038757,
      0.8572406768798828,
      0.8599794507026672,
      0.8815473914146423,
      0.8777815699577332,
      0.8894214034080505,
      0.8904484510421753
    ],
    "loss": [
      0.7137748599052429,
      0.41287684440612793,
      0.3495815694332123,
      0.324853777885437,
      0.29711148142814636,
      0.27916842699050903,
      0.2723393142223358,
      0.2533951997756958
    ],
    "val_accuracy": [
      0.8498402833938599,
      0.8546326160430908,
      0.8626198172569275,
      0.8881788849830627,
      0.889776349067688,
      0.8881788849830627,
      0.8961661458015442,
      0.8817891478538513
    ],
    "val_loss": [
      0.4013795852661133,
      0.3542790412902832,
      0.3395553529262543,
      0.30566084384918213,
      0.2819462716579437,
      0.27738580107688904,
      0.27685755491256714,
      0.27613019943237305
    ],
    "learning_rate": [
      0.0010000000474974513,
      0.0010000000474974513,
      0.0010000000474974513,
      0.0010000000474974513,
      0.0010000000474974513,
      0.0010000000474974513,
      0.0010000000474974513,
      0.0010000000474974513
    ]
  },
  "history_finetune": {
    "accuracy": [
      0.8606641292572021,
      0.9127011299133301,
      0.9318726658821106,
      0.9390619397163391,
      0.9424854516983032
    ],
    "loss": [
      0.3263704478740692,
      0.20104223489761353,
      0.16127021610736847,
      0.14404696226119995,
      0.13556091487407684
    ],
    "val_accuracy": [
      0.8722044825553894,
      0.8658146858215332,
      0.8658146858215332,
      0.8674121499061584,
      0.8738019466400146
    ],
    "val_loss": [
      0.4316876232624054,
      0.44035425782203674,
      0.4452379047870636,
      0.4511655867099762,
      0.4139297902584076
    ],
    "learning_rate": [
      4.999999873689376e-05,
      4.999999873689376e-05,
      1.9999999494757503e-05,
      1.9999999494757503e-05,
      7.999999979801942e-06
    ]
  },
  "test_report": "              precision    recall  f1-score   support\n\n      Normal       0.93      0.86      0.89       284\n         LSD       0.97      0.85      0.91       230\n         FMD       0.67      0.98      0.80       113\n\n    accuracy                           0.88       627\n   macro avg       0.86      0.90      0.87       627\nweighted avg       0.90      0.88      0.88       627\n"
}